{"cameraMode":{"drawMode":0,"name":"Shaded","section":"Shading Mode"},"sceneLighting":false,"audioPlay":false,"sceneViewState":{"m_AlwaysRefresh":false,"showFog":true,"showSkybox":false,"showFlares":true,"showImageEffects":true,"showParticleSystems":true,"showVisualEffectGraphs":true,"m_FxEnabled":false},"in2DMode":false,"pivot":{"x":-17.922882080078126,"y":27.900175094604493,"z":27.60138702392578},"rotation":{"x":-0.026461219415068628,"y":-0.9780450463294983,"z":0.15415090322494508,"w":-0.14229987561702729},"size":2.700984001159668,"orthographic":false}