{"cameraMode":{"drawMode":0,"name":"Shaded","section":"Shading Mode"},"sceneLighting":false,"audioPlay":false,"sceneViewState":{"m_AlwaysRefresh":false,"showFog":true,"showSkybox":false,"showFlares":true,"showImageEffects":true,"showParticleSystems":true,"showVisualEffectGraphs":true,"m_FxEnabled":false},"in2DMode":false,"pivot":{"x":2.1052775382995607,"y":2.818603515625,"z":4.549953937530518},"rotation":{"x":0.29597076773643496,"y":-0.6449030637741089,"z":0.30133840441703799,"w":0.6375055909156799},"size":0.000017320508050033823,"orthographic":false}