{"cameraMode":{"drawMode":0,"name":"Shaded","section":"Shading Mode"},"sceneLighting":false,"audioPlay":false,"sceneViewState":{"m_AlwaysRefresh":false,"showFog":true,"showSkybox":false,"showFlares":true,"showImageEffects":true,"showParticleSystems":true,"showVisualEffectGraphs":true,"m_FxEnabled":false},"in2DMode":false,"pivot":{"x":-10.029999732971192,"y":2.9600000381469728,"z":4.249999523162842},"rotation":{"x":-0.0034495238214731218,"y":-0.9674341678619385,"z":0.2531124949455261,"w":-0.012745430693030358},"size":2.123676300048828,"orthographic":false}