{"cameraMode":{"drawMode":0,"name":"Shaded","section":"Shading Mode"},"sceneLighting":false,"audioPlay":false,"sceneViewState":{"m_AlwaysRefresh":false,"showFog":true,"showSkybox":false,"showFlares":true,"showImageEffects":true,"showParticleSystems":true,"showVisualEffectGraphs":true,"m_FxEnabled":false},"in2DMode":false,"pivot":{"x":341.0740966796875,"y":-130.19273376464845,"z":857.9569091796875},"rotation":{"x":0.0954083502292633,"y":0.07456996291875839,"z":-0.0023227683268487455,"w":0.9933104515075684},"size":380.16253662109377,"orthographic":false}