{"cameraMode":{"drawMode":0,"name":"Shaded","section":"Shading Mode"},"sceneLighting":false,"audioPlay":false,"sceneViewState":{"m_AlwaysRefresh":false,"showFog":true,"showSkybox":false,"showFlares":true,"showImageEffects":true,"showParticleSystems":true,"showVisualEffectGraphs":true,"m_FxEnabled":false},"in2DMode":false,"pivot":{"x":0.2696840763092041,"y":-1.6158093214035035,"z":1.2169524431228638},"rotation":{"x":0.08658488094806671,"y":0.9119129776954651,"z":-0.25322821736335757,"w":0.3114183843135834},"size":5.3165202140808109,"orthographic":false}