{"cameraMode":{"drawMode":0,"name":"Shaded","section":"Shading Mode"},"sceneLighting":true,"audioPlay":false,"sceneViewState":{"m_AlwaysRefresh":false,"showFog":true,"showSkybox":true,"showFlares":true,"showImageEffects":true,"showParticleSystems":true,"showVisualEffectGraphs":true,"m_FxEnabled":false},"in2DMode":false,"pivot":{"x":762.8780517578125,"y":375.0033874511719,"z":-380.9610595703125},"rotation":{"x":-0.06332815438508988,"y":0.04983992874622345,"z":0.0070394231006503109,"w":0.9974136352539063},"size":110.57414245605469,"orthographic":false}