{"cameraMode":{"drawMode":0,"name":"Shaded","section":"Shading Mode"},"sceneLighting":false,"audioPlay":false,"sceneViewState":{"m_AlwaysRefresh":false,"showFog":true,"showSkybox":false,"showFlares":true,"showImageEffects":true,"showParticleSystems":true,"showVisualEffectGraphs":true,"m_FxEnabled":false},"in2DMode":false,"pivot":{"x":-13.032407760620118,"y":-19.985321044921876,"z":-54.075443267822269},"rotation":{"x":0.021357037127017976,"y":-0.9765837788581848,"z":0.1801479011774063,"w":0.11658915877342224},"size":30.873254776000978,"orthographic":false}