{"cameraMode":{"drawMode":0,"name":"Shaded","section":"Shading Mode"},"sceneLighting":false,"audioPlay":false,"sceneViewState":{"m_AlwaysRefresh":false,"showFog":true,"showSkybox":false,"showFlares":true,"showImageEffects":true,"showParticleSystems":true,"showVisualEffectGraphs":true,"m_FxEnabled":false},"in2DMode":false,"pivot":{"x":-10.181432723999024,"y":3.6314611434936525,"z":5.182980537414551},"rotation":{"x":-0.01893606223165989,"y":-0.9662095904350281,"z":0.24660047888755799,"w":-0.07374314963817597},"size":0.7826237082481384,"orthographic":false}